Question;Correct Answer;Wrong Answer 1;Wrong Answer 2;Wrong Answer 3;Time in seconds;Image / Video (optional);Type
Where do you need 'if'? Find the correct sentence:;If the weather changes, we will not go skiing.;The weather changes if we will not go skiing.;;;20;https://media.kahoot.it/64b7cdf8-e069-481a-9da3-7d20a409f278;
What's 'afterwards' in German?;anschließend, später;danach, dann;zuerst, früher;mehrmals, oft;20;;
"The comparative of ""athletic"" is ""athleticer"".";False;True;;;10;https://media.kahoot.it/29853f05-a578-4068-9abc-322dc6830f30;
Doing exercises and eating good food is very...;healthy;keep fit;bad;unnecessary;20;;
Find the correct sentence.;I don't like running at home.;I don't like run at home.;;;10;https://media.kahoot.it/0743efad-bd5b-4515-af13-bbb3c16124c8;
Find the correct sentence:;I will pass my English test if I study the vocabulry.;I pass my English test if I will study the vocabulary.;If I will study the vocabulary, I will pass my English test.;;20;https://media.kahoot.it/a4d9551e-a168-44b8-9ddc-ca020abcda6c;
Find the correct sentence.;How about playing rugby?;How about to play rugby?;How about doing rugby?;How about to do rugby?;20;https://media.kahoot.it/30acb512-b9ad-4bea-8bc4-3bb43fd85475;
You are not allowed to use 'will' in an if-clause.;True;False;;;20;;
Correct the sentence: A sports field is biger then a swimming pool.;A sports field is bigger than a swimming pool.;There are no mistakes.;A sports fild is bigger then a swimming pool.;A sports field is biger thin a swimming pool.;30;https://media.kahoot.it/13b2a999-69d9-4a91-b209-b9a40725a1e6;
Ouch! I can't fit into my shoe because my foot is...;swollen;swolen;sick;kick;20;;
opposite of 'win';lose;lost;forget;do;20;;
This person has a...;sore throat.;backache.;headache.;stomach ache.;20;https://media.kahoot.it/97908ad2-93bc-4464-8969-b6b24cf02711;
Find the right word;press;discuss;participate;support;10;https://media.kahoot.it/8a7721b0-76ed-4df1-8fd0-9c8e77e7e737;
You can't change the position of if-clauses and main clauses.;False;True;;;20;;
Don't forget ... us a postcard when you're on holiday.;to send;sending;both answers are correct;;20;https://media.kahoot.it/662edd8f-f9ab-4da9-98fc-275d8d2c04ce;
Mary...;goes swimming.;does swimming.;;;10;https://media.kahoot.it/1780dc92-e778-414c-8e3b-3feade7dcb43;
keep fit = keep healthy?;False;True;;;20;;
This person is an...;athlete;athletic;ice-skating;dancer;10;https://media.kahoot.it/3b08c289-0086-429f-8f71-a93aff08ffb0;
If I ... my homework, my teacher ... angry.;don't do - will get;won't do - gets;;;20;;
The woman puts on some cream.;True;False;;;20;https://media.kahoot.it/a0726114-4191-4efb-a54f-3537da5fd5b4;