Question;Correct Answer;Wrong Answer 1;Wrong Answer 2;Wrong Answer 3;Time in seconds;Image / Video (optional)
Welches Land wird gesucht?;Rumänien;Italien;Irland;Lettland;10;http://s3-eu-west-1.amazonaws.com/lecturequizuploads/f83bc8f3-61e4-46d1-9b4a-92bf68971df8
Welches Land wird gesucht?;Albanien;Schweiz;Lichtenstein;Bosnien;10;http://s3-eu-west-1.amazonaws.com/lecturequizuploads/9069b613-e4a8-42a4-97c2-ca591feb9445
Welches Land wird gesucht?;Deutschland;Belgien;Frankreich;Luxemburg;10;http://s3-eu-west-1.amazonaws.com/lecturequizuploads/37028d33-5116-4ed8-92ba-be29fe9ca91a
Welches Land wird gesucht?;Griechenland;Großbritannien;Finnland;Schweden;10;http://s3-eu-west-1.amazonaws.com/lecturequizuploads/6d438f4e-ea66-4d7b-965a-e8c840129298
Welches Land wird gesucht?;Slowakei;Kroatien;Dänemark;Island;10;http://s3-eu-west-1.amazonaws.com/lecturequizuploads/0c334f14-c01c-47d4-b0f8-acdf9e800c86
Welches Land wird gesucht?;Polen;Liechtenstein;Spanien;Weißrussland;10;http://s3-eu-west-1.amazonaws.com/lecturequizuploads/54aed996-4afe-4d7a-81de-db6f66303a82
Welches Land wird gesucht?;Ungarn;Irland;Kosovo;Slowenien;10;http://s3-eu-west-1.amazonaws.com/lecturequizuploads/f53910e2-c536-464e-bda1-e11a321f8678
Welches Land wird gesucht?;Lettland;Österreich;Spanien;Monaco;10;http://s3-eu-west-1.amazonaws.com/lecturequizuploads/7696f7d5-d66e-454e-aeca-b9223611fdad
Welches Land wird gesucht?;Türkei;Serbien;Schweden;Deutschland;10;http://s3-eu-west-1.amazonaws.com/lecturequizuploads/f56af8e5-2968-4f05-944c-a2cb8931a364
Welches Land wird gesucht?;Frankreich;Italien;Tschechien;San Marino;10;http://s3-eu-west-1.amazonaws.com/lecturequizuploads/f61fe546-6f84-4437-8673-1b246150073f
Welches Land wird gesucht?;Bulgarien;Russland;Italien;Zypern;10;http://s3-eu-west-1.amazonaws.com/lecturequizuploads/00212cbe-8ead-4b0b-bd2e-ffec2a3cd8a9
Welches Land wird gesucht?;Vatikanstadt;Liechtenstein;Andorra;Ukraine;10;http://s3-eu-west-1.amazonaws.com/lecturequizuploads/8b81b54c-e77f-4808-9b1a-9bb1346c0c89
Welches Land wird gesucht?;Großbritannien;Dänemark;Portugal;Niederlande;10;http://s3-eu-west-1.amazonaws.com/lecturequizuploads/e1728f75-4266-4e2a-a3cf-07d7e9f1e700
Welches Land wird gesucht?;Montenegro;Andorra;Schweden;Norwegen;10;http://s3-eu-west-1.amazonaws.com/lecturequizuploads/2f234bf7-dead-4ac2-9797-da8f2eac0568
Welches Land wird gesucht?;Kroatien;Ungarn;Slowakei;Finnland;10;http://s3-eu-west-1.amazonaws.com/lecturequizuploads/a3bb5d8d-0581-4fe4-aa13-8bc7ec2e182f
Welches Land wird gesucht?;Finnland;Schweden;Frankreich;Griechenland;10;http://s3-eu-west-1.amazonaws.com/lecturequizuploads/8b284baa-6f5a-4b9a-ae1c-fcb15225f5cb
Welches Land wird gesucht?;San Marino;Zypern;Belgien;Ukraine;10;http://s3-eu-west-1.amazonaws.com/lecturequizuploads/8b0182ef-0660-4171-b13d-57190383db29
Welches Land wird gesucht?;Bosnien;Rumänien;Portugal;Albanien;10;http://s3-eu-west-1.amazonaws.com/lecturequizuploads/32adcac7-2a99-4041-9743-2d5e011a97ce
Welches Land wird gesucht?;Malta;Polen;Litauen;Mazedonien;10;http://s3-eu-west-1.amazonaws.com/lecturequizuploads/fdcc6cab-f544-4fcf-b537-827537c11857
Welches Land wird gesucht?;Tschechien;Bulgarien;Frankreich;Slowenien;10;http://s3-eu-west-1.amazonaws.com/lecturequizuploads/13391eb6-d207-4e45-935a-d8a2e82fb5e5
Welches Land wird gesucht?;Dänemark;Schweiz;Spanien;Island;10;http://s3-eu-west-1.amazonaws.com/lecturequizuploads/be5867ed-90e8-4b32-9efa-dcebb2b11c71
Welches Land wird gesucht?;Irland;Italien;Belgien;Griechenland;10;http://s3-eu-west-1.amazonaws.com/lecturequizuploads/c98f5347-0fd4-4c76-8af0-e13ced0a512b
Welches Land wird gesucht?;Mazedonien;Kosovo;Österreich;Russland;10;http://s3-eu-west-1.amazonaws.com/lecturequizuploads/c785bcf6-0b15-45eb-9d55-8dea6a0aa2d4
Welches Land wird gesucht?;Spanien;Estland;Frankreich;Bulgarien;10;http://s3-eu-west-1.amazonaws.com/lecturequizuploads/193c5271-293d-466f-a859-ca8dd1f4348a
Welches Land wird gesucht?;Kosovo;Ungarn;Island;Zypern;10;http://s3-eu-west-1.amazonaws.com/lecturequizuploads/2e7257dd-b729-4d4a-8ed2-d3e3289621eb
Welches Land wird gesucht?;Liechtenstein;Luxemburg;Monaco;Portugal;10;http://s3-eu-west-1.amazonaws.com/lecturequizuploads/f771c25c-b0af-4b81-abf0-f10b75f9a816
Welches Land wird gesucht?;Weißrussland;Schweden;San Marino;Deutschland;10;http://s3-eu-west-1.amazonaws.com/lecturequizuploads/9895f49b-1ad6-404e-9873-75e79d94335e
Welches Land wird gesucht?;Italien;Belgien;Russland;Irland;10;http://s3-eu-west-1.amazonaws.com/lecturequizuploads/25dc0e18-4d22-4f11-840a-4afaae0f964b
Welches Land wird gesucht?;Estland;Russland;Finnland;Ungarn;10;http://s3-eu-west-1.amazonaws.com/lecturequizuploads/2a3456b8-f9d9-4bd4-9611-ff129ad0ea20
Welches Land wird gesucht?;Belgien;Spanien;Frankreich;Deutschland;10;http://s3-eu-west-1.amazonaws.com/lecturequizuploads/890e8010-dd11-4338-9ab7-dd2a6a465ad2
Welches Land wird gesucht?;Ukraine;Portugal;Bosnien;Norwegen;10;http://s3-eu-west-1.amazonaws.com/lecturequizuploads/e493a952-4f04-4e76-af84-0bb3686ae9cb
Welches Land wird gesucht?;Niederlande;Deutschland;Frankreich;Tschechien;10;http://s3-eu-west-1.amazonaws.com/lecturequizuploads/afa1928f-0319-4965-b288-68d3945c9977
Welches Land wird gesucht?;Andorra;Zypern;Belgien;Griechenland;10;http://s3-eu-west-1.amazonaws.com/lecturequizuploads/14ff11ff-126a-449b-97ce-9c2c2e304f1c
Welches Land wird gesucht?;Schweiz;Kroatien;Russland;Malta;10;http://s3-eu-west-1.amazonaws.com/lecturequizuploads/13a1e179-5cdb-4970-8d61-5a38625d601c
Welches Land wird gesucht?;Litauen;Irland;Niederlande;Ungarn;10;http://s3-eu-west-1.amazonaws.com/lecturequizuploads/8b75ed2c-8c6f-437c-af47-d33acc1f90fe
Welches Land wird gesucht?;Norwegen;Österreich;Schweden;Polen;10;http://s3-eu-west-1.amazonaws.com/lecturequizuploads/8d6e06aa-34f2-4387-b25f-3e02b93de1dc
Welches Land wird gesucht?;Österreich;Lettland;Türkei;Malta;10;http://s3-eu-west-1.amazonaws.com/lecturequizuploads/9a66f19c-8405-4618-bc74-5a76d6f8d24c
Welches Land wird gesucht?;Portugal;Ukraine;Frankreich;Großbritannien;10;http://s3-eu-west-1.amazonaws.com/lecturequizuploads/c64eea00-dcb2-4426-8230-21a312a02a5e
Welches Land wird gesucht?;Monaco;Finnland;Mazedonien;Estland;10;http://s3-eu-west-1.amazonaws.com/lecturequizuploads/141d40b6-0a17-4a70-854a-bcce4a0a8289
Welches Land wird gesucht?;Island;Norwegen;Italien;Griechenland;10;http://s3-eu-west-1.amazonaws.com/lecturequizuploads/6881a03e-2d82-400e-aa37-5a02b0aa30a1
Welches Land wird gesucht?;Luxemburg;Deutschland;Russland;Slowenien;10;http://s3-eu-west-1.amazonaws.com/lecturequizuploads/03704ff1-ea3e-4e7a-8fef-4d74a573cf11
Welches Land wird gesucht?;Slovenien;Tschechien;Türkei;Spanien;10;http://s3-eu-west-1.amazonaws.com/lecturequizuploads/f7c459f8-e95c-4e4b-ba12-929054a157ef
Welches Land wird gesucht?;Moldawien;Belgien;Montenegro;Russland;10;http://s3-eu-west-1.amazonaws.com/lecturequizuploads/d7711ce6-21db-4cb5-ba50-f69a3c3ff78c
Welches Land wird gesucht?;Russland;Esland;Bulgarien;Ungarn;10;http://s3-eu-west-1.amazonaws.com/lecturequizuploads/e0117aec-2904-4ae7-95c0-c3b669031934
Welches Land wird gesucht?;Schweden;Schweiz;Großbritannien;Österreich;10;http://s3-eu-west-1.amazonaws.com/lecturequizuploads/0530f4f4-c978-42c9-a0c6-ca20bd15c36f