Frage;Antwort;Alternativantwort1;Alternativantwort2;Alternativantwort3;Zeit in Sekunden;Link zum Sound;Typ
Was ist das?;Aufzug;;;;20;https://archive.org/details/geraeuschequiz/aufzug.mp3;input
Was ist das?;Auto;;;;20;https://archive.org/details/geraeuschequiz/auto.mp3;input
Wo ist das?;Bach;Fluss;;;20;https://archive.org/details/geraeuschequiz/bach.mp3;input
Wo ist das?;Bahnübergang;Zugübergang;Schranke;Bahnschranke;20;https://archive.org/details/geraeuschequiz/bahnuebergang.mp3;input
Welches Tier ist das?;Biene;Hummel;Wespe;;20;https://archive.org/details/geraeuschequiz/biene.mp3;input
Was ist das?;Brotschneidemaschine;Schneidemaschine;Brotschneidemaschiene;;20;https://archive.org/details/geraeuschequiz/brotschneidemaschiene.mp3;input
Was ist das?;Buchseiten;;;;20;https://archive.org/details/geraeuschequiz/buchseiten.mp3;input
Wo ist das?;Cafe;Caffee;Cafee;Caffe;20;https://archive.org/details/geraeuschequiz/cafe.mp3;input
Was ist das?;Dampflock;Lock;alter Zug;;20;https://archive.org/details/geraeuschequiz/dampflock.mp3;input
Welches Tier ist das?;Delphin;;;;20;https://archive.org/details/geraeuschequiz/delphin.mp3;input
Was ist das?;Drucker;;;;20;https://archive.org/details/geraeuschequiz/drucker.mp3;input
Wo ist das?;Dschungel;Djungle;Djungel;;20;https://archive.org/details/geraeuschequiz/dschungel.mp3;input
Was ist das?;Dusche;;;;20;https://archive.org/details/geraeuschequiz/dusche.mp3;input
Welches Tier ist das?;Elefant;;;;20;https://archive.org/details/geraeuschequiz/elefant.mp3;input
Welches Tier ist das?;Esel;;;;20;https://archive.org/details/geraeuschequiz/esel.mp3;input
Was ist das?;Flex;Seitenschneider;Schleifscheibe;;20;https://archive.org/details/geraeuschequiz/flex.mp3;input
Was ist das?;Flugzeug;;;;20;https://archive.org/details/geraeuschequiz/flugzeug.mp3;input
Was ist das?;Föhn;;;;20;https://archive.org/details/geraeuschequiz/foehn.mp3;input
Wo ist das?;Frisuer;;;;20;https://archive.org/details/geraeuschequiz/friseur.mp3;input
Wo ist das?;Fussball;Fußball;Stadion;;20;https://archive.org/details/geraeuschequiz/fussball.mp3;input
Welches Tier ist das?;Gänse;;;;20;https://archive.org/details/geraeuschequiz/gaense.mp3;input
Was ist das?;Gasherd;Herd;;;20;https://archive.org/details/geraeuschequiz/gasherd.mp3;input
Welches Tier ist das?;Grille;;;;20;https://archive.org/details/geraeuschequiz/grille.mp3;input
Wo ist das?;Hallenbad;Schwimmbad;Freibad;Schwimmhalle;20;https://archive.org/details/geraeuschequiz/hallenbad.mp3;input
Was ist das?;Hammer;;;;20;https://archive.org/details/geraeuschequiz/hammer.mp3;input
Was ist das?;Heissluftballon;;;;20;https://archive.org/details/geraeuschequiz/heissluftballon.mp3;input
Was ist das?;Holzsäge;Säge;;;20;https://archive.org/details/geraeuschequiz/holzsaege.mp3;input
Was ist das?;Hubschrauber;Helicopter;;;20;https://archive.org/details/geraeuschequiz/hubschrauber.mp3;input
Was ist das?;Kaffeemaschine;Kaffeemaschiene;;;20;https://archive.org/details/geraeuschequiz/kaffeemaschine.mp3;input
Welches Tier ist das?;Katze;;;;20;https://archive.org/details/geraeuschequiz/katze.mp3;input
Wo ist das?;Kegelbahn;Bowling;Bowlingbahn;Kegeln;20;https://archive.org/details/geraeuschequiz/kegelbahn.mp3;input
Welches Tier ist das?;Klapperschlange;;;;20;https://archive.org/details/geraeuschequiz/klapperschlange.mp3;input
Was ist das?;Klebefilmrolle;Tesafilm;Klebefilm;;20;https://archive.org/details/geraeuschequiz/klebefilmabroller.mp3;input
Was ist das?;Kopierer;;;;20;https://archive.org/details/geraeuschequiz/kopierer.mp3;input
Welches Tier ist das?;Krähe;;;;20;https://archive.org/details/geraeuschequiz/kraehe.mp3;input
Was ist das?;Kreissäge;;;;20;https://archive.org/details/geraeuschequiz/kreissaege.mp3;input
Was ist das?;Kühlschrank;;;;20;https://archive.org/details/geraeuschequiz/kuehlschrank.mp3;input
Was ist das?;Locher;;;;20;https://archive.org/details/geraeuschequiz/locher.mp3;input
Was ist das?;Mikrowelle;;;;20;https://archive.org/details/geraeuschequiz/mikrowelle.mp3;input
Was ist das?;Motorrad;;;;20;https://archive.org/details/geraeuschequiz/motorrad.mp3;input
Was ist das?;Motorsäge;;;;20;https://archive.org/details/geraeuschequiz/motosaege.mp3;input
Was ist das?;Nähmaschine;;;;20;https://archive.org/details/geraeuschequiz/naehmaschine.mp3;input
Was ist das?;Bus;;;;20;https://archive.org/details/geraeuschequiz/omnibus.mp3;input
Wo ist das?;OP;Operationssaal;Krankenhaus;;20;https://archive.org/details/geraeuschequiz/op.mp3;input
Was ist das?;Kreuzfahrtschiff;;;;20;https://archive.org/details/geraeuschequiz/ozeandampfer.mp3;input
Welches Tier ist das?;Papagei;;;;20;https://archive.org/details/geraeuschequiz/papagei.mp3;input
Was ist das?;Pfandautomat;;;;20;https://archive.org/details/geraeuschequiz/pfandflaschenautomat.mp3;input
Was ist das?;Rasensprenger;Rasenspränger;;;20;https://archive.org/details/geraeuschequiz/rasensprenger.mp3;input
Wo ist das?;Rennstrecke;Formel 1;;;20;https://archive.org/details/geraeuschequiz/rennstrecke.mp3;input
Was ist das?;Ruderboot;;;;20;https://archive.org/details/geraeuschequiz/ruderboot.mp3;input
Was ist das?;Ruehrgerät;Mixxer;Mixer;Handrührgerät;20;https://archive.org/details/geraeuschequiz/ruehrgeraet.mp3;input
Wo ist das?;Kirmes;Freizeitpark;Rummel;;20;https://archive.org/details/geraeuschequiz/rummel.mp3;input
Welches Tier ist das?;Schafe;;;;20;https://archive.org/details/geraeuschequiz/schafe.mp3;input
Was ist das?;Schere;;;;20;https://archive.org/details/geraeuschequiz/schere.mp3;input
Wo ist das?;Schmied;Schmiede;;;20;https://archive.org/details/geraeuschequiz/schmied.mp3;input
Wo ist das?;Schulhof;;;;20;https://archive.org/details/geraeuschequiz/schulhof.mp3;input
Welches Tier ist das?;Schwein;Schweine;;;20;https://archive.org/details/geraeuschequiz/schwein.mp3;input
Was ist das?;Schweissen;Schweissgerät;Schweißgerät;;20;https://archive.org/details/geraeuschequiz/schweissen.mp3;input
Welches Tier ist das?;Seehund;Seelöwe;Walross;;20;https://archive.org/details/geraeuschequiz/seehund.mp3;input
Was ist das?;Skateboard;;;;20;https://archive.org/details/geraeuschequiz/skateboard.mp3;input
Was ist das?;Spitzer;;;;20;https://archive.org/details/geraeuschequiz/spitzer.mp3;input
Was ist das?;Staubsauger;;;;20;https://archive.org/details/geraeuschequiz/staubsauger.mp3;input
Wo ist das?;Strand;Meer;;;20;https://archive.org/details/geraeuschequiz/strand.mp3;input
Wo ist das?;Supermarkt;;;;20;https://archive.org/details/geraeuschequiz/supermarkt.mp3;input
Was ist das?;Tacker;;;;20;https://archive.org/details/geraeuschequiz/tacker.mp3;input
Wo ist das?;Tankstelle;;;;20;https://archive.org/details/geraeuschequiz/tankstelle.mp3;input
Was ist das?;Tastatur;;;;20;https://archive.org/details/geraeuschequiz/tastatur.mp3;input
Welches Tier ist das?;Tauben;;;;20;https://archive.org/details/geraeuschequiz/tauben.mp3;input
Was ist das?;Telefon;;;;20;https://archive.org/details/geraeuschequiz/telefon.mp3;input
Wo ist das?;Tennisplatz;;;;20;https://archive.org/details/geraeuschequiz/tennisplatz.mp3;input
Was ist das?;Toilette;WC;Klo;;20;https://archive.org/details/geraeuschequiz/toilette.mp3;input
Wo ist das?;Turnhalle;Sporthalle;;;20;https://archive.org/details/geraeuschequiz/turnhalle.mp3;input
Was ist das?;U-Boot;Uboot;Unterseeboot;;20;https://archive.org/details/geraeuschequiz/uboot.mp3;input
Wo ist das?;Wald;;;;20;https://archive.org/details/geraeuschequiz/wald.mp3;input
Was ist das?;Waschmaschine;;;;20;https://archive.org/details/geraeuschequiz/waschmaschine.mp3;input
Welches Tier ist das?;Wolf;;;;20;https://archive.org/details/geraeuschequiz/wolf.mp3;input
Was ist das?;Zahnbürste;;;;20;https://archive.org/details/geraeuschequiz/zahnbuerste.mp3;input
